[
{"votes": 0, "threadState": "Unanswered", "replyCount": 5, "viewCount": 82, "threadTitle": "net command input on server that does not function properly", "threadTitleLink": "https://social.technet.microsoft.com/Forums/en-US/fb995624-3705-4824-920f-a54e9a71e98d/net-command-input-on-server-that-does-not-function-properly?forum=winserverManagement", "threadSummary": " net\r\nSyntax for this command:\r\n\r\nNET\r\n\u00a0 \u00a0 \u00a0[ACCOUNTS | COMPUTER | CONFIG | CONTINUE | FILE | GROUP | HELP |\r\n\u00a0 \u00a0 \u00a0 \u00a0HELPMSG ...", "createdByName": "ksb0105kr", "createdByLink": "https://social.technet.microsoft.com:443/profile/frank_song?type=forum&referrer=http://social.technet.microsoft.com/Forums/en-us/home?sort=lastpostdesc&brandIgnore=true&page=1", "createdByTime": "Monday, October 15, 2018 1:47 AM", "lastReplyName": "frank_song", "lastReplyLink": "https://social.technet.microsoft.com:443/profile/frank_song?type=forum&referrer=http://social.technet.microsoft.com/Forums/en-us/home?sort=lastpostdesc&brandIgnore=true&page=1", "lastReplyTime": "a few seconds ago"},
{"votes": 0, "threadState": "Proposed", "replyCount": 8, "viewCount": 156, "threadTitle": "Exchange Online Get-MailBoxPermmission for \"Full Access\" and Get-Mailbox for publicdelegates \"sendOnnehalf\" returns users with spaces", "threadTitleLink": "https://social.technet.microsoft.com/Forums/en-US/152f9a4b-457b-44f8-b7ff-dd7549670533/exchange-online-getmailboxpermmission-for-quotfull-accessquot-and-getmailbox-for?forum=onlineservicesexchange", "threadSummary": "HI ,\r\n\r\n\u00a0we have application where Get-MailBoxPermission for \"FullAccess\" and Get-Mailbox command let for \"sendOnBelf\" returns users with display name or UPN ...", "createdByName": "Arathij", "createdByLink": "https://social.technet.microsoft.com:443/profile/niko.cheng?type=forum&referrer=http://social.technet.microsoft.com/Forums/en-us/home?sort=lastpostdesc&brandIgnore=true&page=4", "createdByTime": "Monday, October 15, 2018 6:20 AM", "lastReplyName": "Niko.Cheng", "lastReplyLink": "https://social.technet.microsoft.com:443/profile/niko.cheng?type=forum&referrer=http://social.technet.microsoft.com/Forums/en-us/home?sort=lastpostdesc&brandIgnore=true&page=4", "lastReplyTime": "38 minutes ago"},
{"votes": 0, "threadState": "Proposed", "replyCount": 2, "viewCount": 52, "threadTitle": "Looking for best Practices in SharePoint online as developer", "threadTitleLink": "https://social.technet.microsoft.com/Forums/en-US/e2bce1a6-97db-452b-90e5-184125d9ebe0/looking-for-best-practices-in-sharepoint-online-as-developer?forum=onlineservicessharepoint", "threadSummary": " departments -> teams -> sub teams.\r\n\r\nWhat is doing now is\u00a0 :\r\n\r\nI tried to start from root site collection : \r\nhttps://myDomain.sharepoint.com but ...", "createdByName": "SANA-ULLAH", "createdByLink": "https://social.technet.microsoft.com:443/profile/sara%20fan?type=forum&referrer=http://social.technet.microsoft.com/Forums/en-us/home?sort=lastpostdesc&brandIgnore=true&page=2", "createdByTime": "Friday, October 19, 2018 4:27 PM", "lastReplyName": "Sara Fan", "lastReplyLink": "https://social.technet.microsoft.com:443/profile/sara%20fan?type=forum&referrer=http://social.technet.microsoft.com/Forums/en-us/home?sort=lastpostdesc&brandIgnore=true&page=2", "lastReplyTime": "14 minutes ago"},
{"votes": 0, "threadState": "Proposed", "replyCount": 3, "viewCount": 79, "threadTitle": "Get-MailBoxPermission commandlet how to exclude the user with having Full access nad are domain users ", "threadTitleLink": "https://social.technet.microsoft.com/Forums/en-US/3dc63473-e9b9-4ae2-b3af-f449868f1fcc/getmailboxpermission-commandlet-how-to-exclude-the-user-with-having-full-access-nad-are-domain?forum=onlineservicesexchange", "threadSummary": "1. Get-MailBoxPermission commandlet returns the users with 'WellKnownSecurityPrincipal\" and other domain users how to filter them out to get only the ...", "createdByName": "Arathij", "createdByLink": "https://social.technet.microsoft.com:443/profile/niko.cheng?type=forum&referrer=http://social.technet.microsoft.com/Forums/en-us/home?sort=lastpostdesc&brandIgnore=true&page=3", "createdByTime": "Wednesday, October 17, 2018 7:32 AM", "lastReplyName": "Niko.Cheng", "lastReplyLink": "https://social.technet.microsoft.com:443/profile/niko.cheng?type=forum&referrer=http://social.technet.microsoft.com/Forums/en-us/home?sort=lastpostdesc&brandIgnore=true&page=3", "lastReplyTime": "31 minutes ago"},
{"votes": 0, "threadState": "Unanswered", "replyCount": 6, "viewCount": 181, "threadTitle": "Failover Cluster Service and Module Installer Worker High CPU", "threadTitleLink": "https://social.technet.microsoft.com/Forums/en-US/fb1840c4-33f5-446f-b98d-8cfe36ad8251/failover-cluster-service-and-module-installer-worker-high-cpu?forum=winserverClustering", "threadSummary": "Hi,\r\n\r\n\r\n\r\nI have a Failover cluster running between 2 servers but I have noticed recently that the service is using approx.. 50% CPU. Not sure why this is as I can't ...", "createdByName": "PJW_79", "createdByLink": "https://social.technet.microsoft.com:443/profile/yilia%20zhao?type=forum&referrer=http://social.technet.microsoft.com/Forums/en-us/home?sort=lastpostdesc&brandIgnore=true&page=5", "createdByTime": "Monday, October 15, 2018 12:49 PM", "lastReplyName": "yilia zhao", "lastReplyLink": "https://social.technet.microsoft.com:443/profile/yilia%20zhao?type=forum&referrer=http://social.technet.microsoft.com/Forums/en-us/home?sort=lastpostdesc&brandIgnore=true&page=5", "lastReplyTime": "53 minutes ago"}
]